dates;log Q simule;P simule
2014-10-01;12,47005073;5,289040347
2014-10-02;12,47005073;5,159035007
2014-10-03;12,47005073;4,945283807
2014-10-04;12,47005073;4,514238502
2014-10-05;12,47005073;4,431095914
2014-10-06;12,47005073;4,554793007
2014-10-07;12,47005073;4,636836436
2014-10-08;12,47005073;4,893880266
2014-10-09;12,47005073;5,04766175
2014-10-10;12,47005073;4,975052869
2014-10-11;12,47005073;4,979878102
2014-10-12;12,47888716;5,169969663
2014-10-13;12,5132448;5,159278894
2014-10-14;12,54220042;5,148610233
2014-10-15;12,54220042;5,056476568
2014-10-16;12,54220042;4,904491996
2014-10-17;12,54220042;4,908951794
2014-10-18;12,54220042;5,015289854
2014-10-19;12,54220042;4,987921456
2014-10-20;12,54220042;4,897768702
2014-10-21;12,54220042;4,934703896
2014-10-22;12,54220042;4,891317918
2014-10-23;12,54220042;4,592449587
2014-10-24;12,54220042;4,582230783
2014-10-25;12,54220042;4,464314485
2014-10-26;12,54220042;4,537610565
2014-10-27;12,54220042;4,503463166
2014-10-28;12,54220042;4,543488666
2014-10-29;12,54220042;4,303570945
2014-10-30;12,54220042;4,436008472
2014-10-31;12,54220042;4,343643389
2014-11-01;12,54220042;4,198223673
2014-11-02;12,54220042;4,177427756
2014-11-03;12,54220042;4,186481713
2014-11-04;12,54220042;4,236336001
2014-11-05;12,54220042;4,352977141
2014-11-06;12,54220042;4,495624654
2014-11-07;12,54220042;4,402516564
2014-11-08;12,54220042;4,437293967
2014-11-09;12,54220042;4,691436531
2014-11-10;12,54220042;4,715361105
2014-11-11;12,54220042;4,739685318
2014-11-12;12,67144532;4,848633053
2014-11-13;12,67144532;4,733469817
2014-11-14;12,67144532;4,518494097
2014-11-15;12,67144532;4,253357069
2014-11-16;12,67144532;4,405126734
2014-11-17;12,67144532;4,379359171
2014-11-18;12,67144532;4,222970552
2014-11-19;12,67144532;4,279531006
2014-11-20;12,67144532;4,04065042
2014-11-21;12,67144532;3,958724077
2014-11-22;12,67144532;3,99022588
2014-11-23;12,67144532;4,159211567
2014-11-24;12,67144532;4,256091562
2014-11-25;12,67144532;4,262122094
2014-11-26;12,67144532;4,179772324
2014-11-27;12,67144532;4,186324379
2014-11-28;12,67144532;4,261331357
2014-11-29;12,67144532;4,252825587
2014-11-30;12,67144532;4,275586207
2014-12-01;12,67144532;4,297841831
2014-12-02;12,67144532;4,328532949
2014-12-03;12,67144532;4,257989821
2014-12-04;12,67144532;4,189213208
2014-12-05;12,67144532;4,263536114
2014-12-06;12,67144532;4,2410597
2014-12-07;12,67144532;4,244571607
2014-12-08;12,67144532;4,095244091
2014-12-09;12,67144532;3,984206057
2014-12-10;12,67144532;3,908560399
2014-12-11;12,67144532;3,936062228
2014-12-12;12,67144532;3,979429222
2014-12-13;12,67144532;3,93835699
2014-12-14;12,67144532;3,982300928
2014-12-15;12,67144532;3,916009228
2014-12-16;12,67144532;3,700925853
2014-12-17;12,67144532;3,624460701
2014-12-18;12,67144532;3,527076015
2014-12-19;12,67144532;3,598415881
2014-12-20;12,67144532;3,738416481
2014-12-21;12,67144532;3,620527426
2014-12-22;12,67144532;3,750078352
2014-12-23;12,67144532;3,789722247
2014-12-24;12,67144532;3,648564915
2014-12-25;12,67144532;3,609511377
2014-12-26;12,67144532;3,716394333
2014-12-27;12,67144532;3,578182516
2014-12-28;12,67144532;3,59090929
2014-12-29;12,67144532;3,543713855
2014-12-30;12,67144532;3,514761178
2014-12-31;12,67144532;3,624094127
2015-01-01;12,67144532;3,55497339
2015-01-02;12,67144532;3,565773883
2015-01-03;12,67144532;3,172148151
2015-01-04;12,67144532;2,994723164
2015-01-05;12,67144532;3,097653246
2015-01-06;12,67144532;3,23813824
2015-01-07;12,67144532;3,344946213
2015-01-08;12,67144532;3,215547894
2015-01-09;12,67144532;3,278760807
2015-01-10;12,67144532;3,110423995
2015-01-11;12,67144532;3,009738049
2015-01-12;12,67144532;3,04669595
2015-01-13;12,67144532;2,577934989
2015-01-14;12,67144532;2,012066977
2015-01-15;12,67144532;2,389575965
2015-01-16;12,67144532;2,351930607
2015-01-17;12,67144532;2,264930937
2015-01-18;12,67144532;2,381305671
2015-01-19;12,67144532;2,428068119
2015-01-20;12,67144532;2,390501228
2015-01-21;12,67144532;2,563281643
2015-01-22;12,67144532;2,640036031
2015-01-23;12,67144532;2,644668852
2015-01-24;12,67144532;2,813061792
2015-01-25;12,67144532;2,88874551
2015-01-26;12,67144532;3,089134995
2015-01-27;12,67144532;2,973021069
2015-01-28;12,67144532;2,643228363
2015-01-29;12,67144532;2,634526058
2015-01-30;12,67144532;2,568311176
2015-01-31;12,67144532;2,459003109
2015-02-01;12,67144532;2,566181359
2015-02-02;12,67144532;2,693155198
2015-02-03;12,67144532;2,575676546
2015-02-04;12,67144532;2,570650012
2015-02-05;12,67144532;2,457453043
2015-02-06;12,67144532;2,521196914
2015-02-07;12,67144532;2,576909281
2015-02-08;12,67144532;2,52787049
2015-02-09;12,67144532;2,497662674
2015-02-10;12,67144532;2,497331402
2015-02-11;12,67144532;2,489796811
2015-02-12;12,67144532;2,517992005
2015-02-13;12,67144532;2,677635754
2015-02-14;12,67144532;2,920952701
2015-02-15;12,67144532;2,658898109
2015-02-16;12,67144532;2,650108247
2015-02-17;12,67144532;2,765003819
2015-02-18;12,67144532;2,679309253
2015-02-19;12,67144532;2,719538917
2015-02-20;12,67144532;2,76574126
2015-02-21;12,67144532;2,770699782
2015-02-22;12,67144532;2,670725114
2015-02-23;12,67144532;2,701892879
2015-02-24;12,67144532;2,710578027
2015-02-25;12,67144532;2,691742485
2015-02-26;12,67144532;2,678429752
2015-02-27;12,67144532;2,864743673
2015-02-28;12,67144532;2,876329024
2015-03-01;12,67144532;2,936037331
2015-03-02;12,67144532;3,07883774
2015-03-03;12,67144532;3,193604578
2015-03-04;12,67144532;3,086087097
2015-03-05;12,67144532;3,120602291
2015-03-06;12,67144532;3,090530757
2015-03-07;12,67144532;3,129809831
2015-03-08;12,67144532;3,112693054
2015-03-09;12,67144532;3,275111718
2015-03-10;12,67144532;3,296699908
2015-03-11;12,67144532;3,35684324
2015-03-12;12,67144532;3,33555627
2015-03-13;12,67144532;3,225101232
2015-03-14;12,67144532;3,192000491
2015-03-15;12,67144532;3,235793882
2015-03-16;12,67144532;3,296189424
2015-03-17;12,67144532;3,229144162
2015-03-18;12,67144532;2,89764709
2015-03-19;12,67144532;2,949686846
2015-03-20;12,67144532;2,962091525
2015-03-21;12,67144532;2,944543274
2015-03-22;12,67144532;3,0379004
2015-03-23;12,67144532;3,02031855
2015-03-24;12,67144532;2,782818185
2015-03-25;12,67144532;2,792692956
2015-03-26;12,67144532;2,809961705
2015-03-27;12,67144532;2,796029533
2015-03-28;12,67144532;2,860706126
2015-03-29;12,67144532;2,744451455
2015-03-30;12,67144532;2,802123876
2015-03-31;12,67144532;2,762799676
2015-04-01;12,67144532;2,800835448
2015-04-02;12,67144532;2,861839997
2015-04-03;12,67144532;2,877337936
2015-04-04;12,67144532;2,871105823
2015-04-05;12,67144532;2,949739745
2015-04-06;12,67144532;2,891316198
2015-04-07;12,67144532;2,868961842
2015-04-08;12,67144532;2,776090293
2015-04-09;12,67144532;2,764992232
2015-04-10;12,67144532;2,677961109
2015-04-11;12,67144532;2,681314517
2015-04-12;12,67144532;2,674936718
2015-04-13;12,67144532;2,536166433
2015-04-14;12,67144532;2,477592501
2015-04-15;12,67144532;2,539613418
2015-04-16;12,67144532;2,588601264
2015-04-17;12,67144532;2,523415445
2015-04-18;12,67144532;2,527816583
2015-04-19;12,67144532;2,514586234
2015-04-20;12,67144532;2,546378994
2015-04-21;12,67144532;2,675984563
2015-04-22;12,67144532;2,654886455
2015-04-23;12,67144532;2,675357515
2015-04-24;12,67144532;2,62152309
2015-04-25;12,67144532;2,614877565
2015-04-26;12,67144532;2,48232698
2015-04-27;12,67144532;2,594406817
2015-04-28;12,67144532;2,561417351
2015-04-29;12,67144532;2,56761228
2015-04-30;12,67144532;2,687126478
2015-05-01;12,67144532;2,633258247
2015-05-02;12,67144532;2,665050191
2015-05-03;12,67144532;2,723395631
2015-05-04;12,67144532;2,711356683
2015-05-05;12,67144532;2,684911054
2015-05-06;12,67144532;2,610246894
2015-05-07;12,67144532;2,69966931
2015-05-08;12,67144532;2,763054745
2015-05-09;12,67144532;2,729234945
2015-05-10;12,67144532;2,721453034
2015-05-11;12,67144532;2,745479606
2015-05-12;12,67144532;2,735383719
2015-05-13;12,67144532;2,67522924
2015-05-14;12,67144532;2,685448117
2015-05-15;12,67144532;2,69316716
2015-05-16;12,67144532;2,674819759
2015-05-17;12,67144532;2,676613436
2015-05-18;12,67144532;2,642747125
2015-05-19;12,67144532;2,634129173
2015-05-20;12,67144532;2,658478617
2015-05-21;12,67144532;2,669401001
2015-05-22;12,67144532;2,730483842
2015-05-23;12,67144532;2,713911925
2015-05-24;12,67144532;2,736041914
2015-05-25;12,67144532;2,695962793
2015-05-26;12,67144532;2,695771392
2015-05-27;12,67144532;2,693146594
2015-05-28;12,67144532;2,697170792
2015-05-29;12,67144532;2,692223756
2015-05-30;12,67144532;2,649955092
2015-05-31;12,67144532;2,627224551
2015-06-01;12,67144532;2,540483477
2015-06-02;12,67144532;2,564060216
2015-06-03;12,67144532;2,563245642
2015-06-04;12,67144532;2,547994023
2015-06-05;12,67144532;2,555132899
2015-06-06;12,67144532;2,558843076
2015-06-07;12,67144532;2,533584327
2015-06-08;12,67144532;2,595617213
2015-06-09;12,67144532;2,604133312
2015-06-10;12,67144532;2,599966932
2015-06-11;12,67144532;2,613159878
2015-06-12;12,67144532;2,615278324
2015-06-13;12,67144532;2,641814782
2015-06-14;12,67144532;2,654482296
2015-06-15;12,67144532;2,696931202
2015-06-16;12,67144532;2,855053519
2015-06-17;12,67144532;2,832873061
2015-06-18;12,67144532;2,832532771
2015-06-19;12,67144532;2,77307368
2015-06-20;12,67144532;2,784715697
2015-06-21;12,67144532;2,770377798
2015-06-22;12,67144532;2,809410516
2015-06-23;12,67144532;2,772353959
2015-06-24;12,67144532;2,726353872
2015-06-25;12,67144532;2,751942862
2015-06-26;12,67144532;2,755333308
2015-06-27;12,67144532;2,848251099
2015-06-28;12,67144532;2,815955827
2015-06-29;12,67144532;2,914368313
2015-06-30;12,67144532;2,99116678
2015-07-01;12,67144532;2,930492637
2015-07-02;12,67144532;2,892866928
2015-07-03;12,67144532;2,905162854
2015-07-04;12,67144532;2,956337486
2015-07-05;12,70450111;2,980964246
2015-07-06;12,70450111;2,958993819
2015-07-07;12,70450111;2,934659585
2015-07-08;12,71229951;2,962509818
2015-07-09;12,71229951;2,944124186
2015-07-10;12,7650071;2,95027038
2015-07-11;12,79495351;2,944169637
2015-07-12;12,86049221;2,938081509
2015-07-13;12,86049221;2,745037718
2015-07-14;12,86049221;2,699089252
2015-07-15;12,86049221;2,673416421
2015-07-16;12,86049221;2,62043762
2015-07-17;12,86049221;2,622412186
2015-07-18;12,86049221;2,598023364
2015-07-19;12,86049221;2,562412827
2015-07-20;12,86049221;2,631419046
2015-07-21;12,86049221;2,59447281
2015-07-22;12,86049221;2,606254813
2015-07-23;12,86049221;2,598180065
2015-07-24;12,86049221;2,708948144
2015-07-25;12,86049221;2,709779425
2015-07-26;12,86049221;2,744423253
2015-07-27;12,86049221;2,761643732
2015-07-28;12,86049221;2,77102957
2015-07-29;12,86049221;2,729236791
2015-07-30;12,86049221;2,715036515
2015-07-31;12,86049221;2,682954076
2015-08-01;12,86049221;2,641945844
2015-08-02;12,86049221;2,649475495
2015-08-03;12,86049221;2,642108913
2015-08-04;12,86049221;2,689182847
2015-08-05;12,86049221;2,659239667
2015-08-06;12,86049221;2,630129398
2015-08-07;12,86049221;2,629536192
2015-08-08;12,86049221;2,447823052
2015-08-09;12,86049221;2,487170159
2015-08-10;12,86049221;2,484475796
2015-08-11;12,86049221;2,550857863
2015-08-12;12,86049221;2,505372961
2015-08-13;12,86049221;2,480168487
2015-08-14;12,86049221;2,494883408
2015-08-15;12,86049221;2,453887153
2015-08-16;12,86049221;2,423878478
2015-08-17;12,86049221;2,419561648
2015-08-18;12,86049221;2,063754043
2015-08-19;12,86049221;2,121719117
2015-08-20;12,86049221;2,210681573
2015-08-21;12,86049221;2,182100178
2015-08-22;12,86049221;2,161535056
2015-08-23;12,86049221;2,142326672
2015-08-24;12,86049221;1,969748728
2015-08-25;12,86049221;2,089711714
2015-08-26;12,86049221;2,121694351
2015-08-27;12,86049221;2,112673208
2015-08-28;12,86049221;2,174560967
2015-08-29;12,86049221;2,160935581
2015-08-30;12,86049221;2,149853281
2015-08-31;12,86049221;2,167015488
2015-09-01;12,86049221;2,140875827
2015-09-02;12,86049221;2,169871899
2015-09-03;12,86049221;2,137733429
2015-09-04;12,86049221;2,16637896
2015-09-05;12,86049221;2,212131121
2015-09-06;12,86049221;2,253646889
2015-09-07;12,86049221;2,263033937
2015-09-08;12,86049221;2,295649013
2015-09-09;12,86049221;2,24556961
2015-09-10;12,86049221;2,246609266
2015-09-11;12,86049221;2,267729499
2015-09-12;12,86049221;2,215749121
2015-09-13;12,86049221;2,169286649
2015-09-14;12,86049221;2,171687209
2015-09-15;12,86049221;2,166559031
2015-09-16;12,86049221;2,156229752
2015-09-17;12,86049221;2,194268003
2015-09-18;12,86049221;2,192203258
2015-09-19;12,86049221;2,17837725
2015-09-20;12,86049221;2,17413374
2015-09-21;12,86049221;2,138466815
2015-09-22;12,86049221;2,171928136
2015-09-23;12,86049221;2,165223558
2015-09-24;12,86049221;2,207012188
2015-09-25;12,86049221;2,21153122
2015-09-26;12,86049221;2,206013509
2015-09-27;12,86049221;2,191246796
2015-09-28;12,86049221;2,255610479
2015-09-29;12,86049221;2,227616218
2015-09-30;12,86049221;2,22617251
2015-10-01;12,86049221;2,239757089
2015-10-02;12,86049221;2,237674936
2015-10-03;12,86049221;2,250152167
2015-10-04;12,86049221;2,244318107
2015-10-05;12,86049221;2,264525558
2015-10-06;12,86049221;2,322129835
2015-10-07;12,86049221;2,292940579
2015-10-08;12,86049221;2,287891849
2015-10-09;12,86049221;2,302483334
2015-10-10;12,86049221;2,309404211
2015-10-11;12,86049221;2,327972988
2015-10-12;12,86049221;2,314032286
2015-10-13;12,86049221;2,355269919
2015-10-14;12,86049221;2,380010664
2015-10-15;12,86049221;2,400183075
2015-10-16;12,88940616;2,408578695
2015-10-17;12,92250507;2,403598094
2015-10-18;12,92250507;2,326233191
2015-10-19;12,92250507;2,340920736
2015-10-20;12,92700085;2,388718
2015-10-21;12,92700085;2,358487479
2015-10-22;12,94461634;2,378849151
2015-10-23;12,95748587;2,373930026
2015-10-24;12,97784935;2,369021073
2015-10-25;12,98036976;2,364122272
2015-10-26;12,99328628;2,3592336
2015-10-27;13,02523111;2,354355038
2015-10-28;13,05977636;2,349486563
2015-10-29;13,09359261;2,344628156
2015-10-30;13,13301114;2,339779796
2015-10-31;13,13301114;2,242973416
2015-11-01;13,13397328;2,330113131
2015-11-02;13,23780919;2,325294786
2015-11-03;13,34896472;2,320486404
2015-11-04;13,37358809;2,315687965
2015-11-05;13,37358809;2,190542597
2015-11-06;13,37358809;2,118631577
2015-11-07;13,37358809;2,169704351
2015-11-08;13,37358809;2,105823493
2015-11-09;13,37358809;2,145341237
2015-11-10;13,37358809;1,907730752
2015-11-11;13,37358809;1,762250235
2015-11-12;13,37358809;1,898639701
2015-11-13;13,37358809;1,901104324
2015-11-14;13,37358809;1,880943619
2015-11-15;13,37358809;1,802066675
2015-11-16;13,37358809;1,869005092
2015-11-17;13,37358809;1,893757922
2015-11-18;13,37358809;1,889443545
2015-11-19;13,37358809;1,841361178
2015-11-20;13,37358809;1,814412991
2015-11-21;13,37358809;1,842383503
2015-11-22;13,37358809;1,826333899
2015-11-23;13,37358809;1,821795825
2015-11-24;13,37358809;1,804613121
2015-11-25;13,37358809;1,855669792
2015-11-26;13,37358809;1,991249238
2015-11-27;13,37358809;2,022095327
2015-11-28;13,37358809;2,01686554
2015-11-29;13,37358809;2,095021845
2015-11-30;13,37358809;2,128741037
2015-12-01;13,37358809;2,04667433
2015-12-02;13,37358809;2,029228849
2015-12-03;13,37358809;2,040441952
2015-12-04;13,37358809;2,050940573
2015-12-05;13,38345259;2,171757658
2015-12-06;13,38501797;2,16726677
2015-12-07;13,4073127;2,162785168
2015-12-08;13,4626354;2,158312833
2015-12-09;13,46584287;2,153849746
2015-12-10;13,46584287;2,134766747
2015-12-11;13,55421037;2,144951241
2015-12-12;13,55421037;2,056426291
2015-12-13;13,55421037;2,045779666
2015-12-14;13,55421037;2,092207281
2015-12-15;13,58567365;2,127264369
2015-12-16;13,58567365;2,081875962
2015-12-17;13,58567365;2,085791216
2015-12-18;13,5885118;2,114094991
2015-12-19;13,5885118;2,106797023
2015-12-20;13,5885118;2,01517479
2015-12-21;13,5885118;1,999354812
2015-12-22;13,5885118;1,987848483
2015-12-23;13,5885118;2,020764347
2015-12-24;13,5885118;2,076362892
2015-12-25;13,5885118;2,071841061
2015-12-26;13,5885118;1,898556219
2015-12-27;13,5885118;1,918777373
2015-12-28;13,5885118;1,918715099
2015-12-29;13,5885118;1,969714202
2015-12-30;13,5885118;1,939432409
2015-12-31;13,5885118;1,956658366
2016-01-01;13,5885118;1,974161522
2016-01-02;13,5885118;1,975626752
2016-01-03;13,5885118;1,957020851
2016-01-04;13,5885118;1,971559537
2016-01-05;13,5885118;1,968710126
2016-01-06;13,5885118;1,956785925
2016-01-07;13,61896695;2,02835845
2016-01-08;13,61896695;2,00155423
2016-01-09;13,61896695;1,983847141
2016-01-10;13,61896695;1,979877365
2016-01-11;13,61896695;1,981366919
2016-01-12;13,61896695;1,912335511
2016-01-13;13,61896695;1,910686192
2016-01-14;13,61896695;1,901041022
2016-01-15;13,61896695;1,590501164
2016-01-16;13,61896695;1,71534014
2016-01-17;13,61896695;1,682057311
2016-01-18;13,61896695;1,706154975
2016-01-19;13,61896695;1,674985077
2016-01-20;13,61896695;1,857319724
2016-01-21;13,61896695;1,82274187
2016-01-22;13,61896695;1,690000909
2016-01-23;13,61896695;1,706838292
2016-01-24;13,61896695;1,780770305
2016-01-25;13,61896695;1,731274019
2016-01-26;13,61896695;1,735359263
2016-01-27;13,61896695;1,751139793
2016-01-28;13,61896695;1,68401884
2016-01-29;13,61896695;1,675654016
2016-01-30;13,61896695;1,665463525
2016-01-31;13,61896695;1,621025551
2016-02-01;13,61896695;1,649392055
2016-02-02;13,61896695;1,65519472
2016-02-03;13,61896695;1,632777638
2016-02-04;13,61896695;1,718312965
2016-02-05;13,61896695;1,70396464
2016-02-06;13,61896695;1,65820779
2016-02-07;13,61896695;1,658999438
2016-02-08;13,61896695;1,644639024
2016-02-09;13,61896695;1,651370369
2016-02-10;13,61896695;1,683253433
2016-02-11;13,61896695;1,670382949
2016-02-12;13,61896695;1,694141739
2016-02-13;13,61896695;1,733879065
2016-02-14;13,61896695;1,797373202
2016-02-15;13,61896695;1,769895961
2016-02-16;13,61896695;1,806841802
2016-02-17;13,61896695;1,84154117
2016-02-18;13,6227526;1,859461297
2016-02-19;13,62411317;1,855616193
2016-02-20;13,66233668;1,851779041
2016-02-21;13,67159807;1,847949823
2016-02-22;13,67338965;1,844128523
2016-02-23;13,67338965;1,767616217
2016-02-24;13,67338965;1,788462657
2016-02-25;13,67338965;1,778315398
2016-02-26;13,67338965;1,814669158
2016-02-27;13,67338965;1,811496429
2016-02-28;13,67338965;1,819202452
2016-02-29;13,68669738;1,817599766
2016-03-01;13,68669738;1,805966624
2016-03-02;13,68669738;1,766943391
2016-03-03;13,68669738;1,746227882
2016-03-04;13,68669738;1,692884066
2016-03-05;13,68669738;1,656061904
2016-03-06;13,68669738;1,674116879
2016-03-07;13,68669738;1,713374364
2016-03-08;13,68669738;1,705790389
2016-03-09;13,68669738;1,711635104
2016-03-10;13,68669738;1,722207423
2016-03-11;13,68669738;1,736497566
2016-03-12;13,68669738;1,695508357
2016-03-13;13,68669738;1,706477444
2016-03-14;13,68669738;1,718129226
2016-03-15;13,68669738;1,719084115
2016-03-16;13,68669738;1,726051694
2016-03-17;13,68669738;1,736047643
2016-03-18;13,68669738;1,691954553
2016-03-19;13,68669738;1,689759627
2016-03-20;13,68669738;1,697543359
2016-03-21;13,68669738;1,704686485
2016-03-22;13,68669738;1,726952512
2016-03-23;13,68669738;1,726759074
2016-03-24;13,68669738;1,714469045
2016-03-25;13,68669738;1,717456211
2016-03-26;13,68675517;1,722362372
2016-03-27;13,70900753;1,718800769
2016-03-28;13,70900753;1,71134154
2016-03-29;13,70900753;1,688614066
2016-03-30;13,70900753;1,673222408
2016-03-31;13,70900753;1,687078239
2016-04-01;13,70900753;1,693181321
2016-04-02;13,71317968;1,697585285
2016-04-03;13,71317968;1,69299769
2016-04-04;13,71329008;1,69057181
2016-04-05;13,72453632;1,687075945
2016-04-06;13,72683808;1,68358731
2016-04-07;13,72683808;1,678263472
2016-04-08;13,72683808;1,664569529
2016-04-09;13,72683808;1,660829239
2016-04-10;13,72683808;1,66930395
2016-04-11;13,73847695;1,666252046
2016-04-12;13,74822374;1,662806472
2016-04-13;13,74822374;1,652417275
2016-04-14;13,74822374;1,654810901
2016-04-15;13,76290476;1,65251244
2016-04-16;13,76403432;1,649095277
2016-04-17;13,76403432;1,635742301
2016-04-18;13,7682147;1,642282135
2016-04-19;13,78408417;1,638886128
2016-04-20;13,79882695;1,635497142
2016-04-21;13,82178529;1,632115165
2016-04-22;13,82178529;1,62053187
2016-04-23;13,82709215;1,625372175
2016-04-24;13,84699034;1,622011135
2016-04-25;13,85730564;1,618657044
2016-04-26;13,94290245;1,61530989
2016-04-27;13,94290245;1,430586943
2016-04-28;13,94290245;1,4467353
2016-04-29;13,94290245;1,464634047
2016-04-30;13,94290245;1,44006532
2016-05-01;13,94290245;1,44865575
2016-05-02;13,94290245;1,425038554
2016-05-03;13,94290245;1,444059899
2016-05-04;13,94290245;1,43260587
2016-05-05;13,94290245;1,437796574
2016-05-06;13,94290245;1,475148087
2016-05-07;13,94290245;1,470835525
2016-05-08;13,94290245;1,46818269
2016-05-09;13,94290245;1,476493931
2016-05-10;13,94290245;1,44676398
2016-05-11;13,94290245;1,452701127
2016-05-12;13,94290245;1,460893508
2016-05-13;13,94290245;1,462492326
2016-05-14;13,94290245;1,463723851
2016-05-15;13,94290245;1,470150446
2016-05-16;13,94290245;1,461707601
2016-05-17;13,94290245;1,458722392
2016-05-18;13,94290245;1,458825297
2016-05-19;13,94290245;1,409540086
2016-05-20;13,94290245;1,42333681
2016-05-21;13,94290245;1,427113124
2016-05-22;13,94290245;1,403708988
2016-05-23;13,94290245;1,423476662
2016-05-24;13,94290245;1,433648011
2016-05-25;13,94290245;1,448512148
2016-05-26;13,94290245;1,462052747
2016-05-27;13,95360982;1,514911196
2016-05-28;14,05524427;1,511778573
2016-05-29;14,05524427;1,503908949
2016-05-30;14,07322892;1,505532747
2016-05-31;14,07422454;1,502419518
2016-06-01;14,08420106;1,499312726
2016-06-02;14,09070474;1,496212359
2016-06-03;14,14957463;1,493118403
2016-06-04;14,15705378;1,490030844
2016-06-05;14,15705378;1,484069974
2016-06-06;14,17874492;1,483874868
2016-06-07;14,17874492;1,468384225
2016-06-08;14,18044517;1,477744325
2016-06-09;14,18044517;1,459301244
2016-06-10;14,18044517;1,46863905
2016-06-11;14,23253816;1,468595968
2016-06-12;14,33593381;1,465559119
2016-06-13;14,38334258;1,462528549
2016-06-14;14,38334258;1,428914429
2016-06-15;14,38334258;1,451890645
2016-06-16;14,48068964;1,453474389
2016-06-17;14,48068964;1,413072744
2016-06-18;14,48068964;1,423805128
2016-06-19;14,48068964;1,434469415
2016-06-20;14,48068964;1,372703283
2016-06-21;14,48068964;1,25781535
2016-06-22;14,48068964;1,143261142
2016-06-23;14,48068964;1,182735585
2016-06-24;14,48068964;1,259547411
2016-06-25;14,48068964;1,250108065
2016-06-26;14,48068964;1,183975846
2016-06-27;14,48068964;1,239221061
2016-06-28;14,48068964;1,21521838
2016-06-29;14,48068964;1,202967354
2016-06-30;14,48068964;1,265553595
2016-07-01;14,48068964;1,270924631
2016-07-02;14,48068964;1,321067589
2016-07-03;14,48068964;1,235540033
2016-07-04;14,48068964;1,280165011
2016-07-05;14,48068964;1,255735194
2016-07-06;14,48068964;1,27143048
2016-07-07;14,48068964;1,203769654
2016-07-08;14,48068964;1,249910661
2016-07-09;14,48068964;1,025681915
2016-07-10;14,48068964;0,613452872
2016-07-11;14,48068964;0,619959322
2016-07-12;14,48068964;0,632941338
2016-07-13;14,48068964;0,62519441
2016-07-14;14,48068964;0,630423322
2016-07-15;14,48068964;0,635498836
2016-07-16;14,48068964;0,62998276
2016-07-17;14,48068964;0,644633935
2016-07-18;14,48068964;0,643335466
2016-07-19;14,48068964;0,647772499
2016-07-20;14,48068964;0,63767671
2016-07-21;14,48068964;0,63793688
2016-07-22;14,48068964;0,626705634
2016-07-23;14,48068964;0,628311854
2016-07-24;14,48068964;0,631912986
2016-07-25;14,48068964;0,632161891
2016-07-26;14,48068964;0,629044801
2016-07-27;14,48068964;0,635032172
2016-07-28;14,48068964;0,632368092
2016-07-29;14,48068964;0,631667385
2016-07-30;14,48068964;0,63298063
2016-07-31;14,48068964;0,601104092
2016-08-01;14,48068964;0,583649987
2016-08-02;14,48068964;0,533283175
2016-08-03;14,48068964;0,542248497
2016-08-04;14,48068964;0,5547132
2016-08-05;14,48068964;0,550917768
2016-08-06;14,48068964;0,560266342
2016-08-07;14,48068964;0,568498311
2016-08-08;14,48068964;0,57217912
2016-08-09;14,48068964;0,567152011
2016-08-10;14,48068964;0,570696789
2016-08-11;14,48068964;0,565983343
2016-08-12;14,48068964;0,562989691
2016-08-13;14,48068964;0,558184969
2016-08-14;14,48068964;0,544883204
2016-08-15;14,48068964;0,54461914
2016-08-16;14,48068964;0,559594499
2016-08-17;14,48068964;0,55454159
2016-08-18;14,48068964;0,550915261
2016-08-19;14,48068964;0,55322673
2016-08-20;14,48068964;0,554435886
2016-08-21;14,48068964;0,550807671
2016-08-22;14,48068964;0,559208687
2016-08-23;14,48068964;0,557800479
2016-08-24;14,48068964;0,553144928
2016-08-25;14,48068964;0,554044729
2016-08-26;14,48068964;0,555351567
2016-08-27;14,48068964;0,542536336
2016-08-28;14,48068964;0,544506378
2016-08-29;14,48068964;0,548046535
2016-08-30;14,48068964;0,550689516
2016-08-31;14,48068964;0,549468279
2016-09-01;14,48068964;0,548313311
2016-09-02;14,48068964;0,547320327
2016-09-03;14,48068964;0,571946577
2016-09-04;14,48068964;0,575314266
2016-09-05;14,48068964;0,581102747
2016-09-06;14,48068964;0,585739963
2016-09-07;14,48068964;0,588097412
2016-09-08;14,48068964;0,597559195
2016-09-09;14,48068964;0,596034201
2016-09-10;14,48068964;0,591080252
2016-09-11;14,48068964;0,573665492
2016-09-12;14,48068964;0,576556466
2016-09-13;14,48068964;0,580257006
2016-09-14;14,48068964;0,580927308
2016-09-15;14,48068964;0,577508393
2016-09-16;14,48068964;0,581846758
2016-09-17;14,48068964;0,576063759
2016-09-18;14,48068964;0,579847568
2016-09-19;14,48068964;0,585608133
2016-09-20;14,48068964;0,574923559
2016-09-21;14,48068964;0,568691994
2016-09-22;14,48068964;0,570320745
2016-09-23;14,48068964;0,576576385
2016-09-24;14,48068964;0,572370098
2016-09-25;14,48068964;0,566445984
2016-09-26;14,48068964;0,579394938
2016-09-27;14,48068964;0,576614082
2016-09-28;14,48068964;0,578121024
2016-09-29;14,48068964;0,581470464
2016-09-30;14,48068964;0,58484131
2016-10-01;14,48068964;0,585217931
2016-10-02;14,48068964;0,581961551
2016-10-03;14,48068964;0,589325478
2016-10-04;14,48068964;0,584278238
2016-10-05;14,48068964;0,585102037
2016-10-06;14,48068964;0,587241158
2016-10-07;14,48068964;0,593575979
2016-10-08;14,48068964;0,588913619
2016-10-09;14,48068964;0,585425213
2016-10-10;14,48068964;0,596449895
2016-10-11;14,48068964;0,619260981
2016-10-12;14,48068964;0,610091856
2016-10-13;14,48068964;0,61238347
2016-10-14;14,48068964;0,614463834
2016-10-15;14,48068964;0,610708803
2016-10-16;14,48068964;0,613148996
2016-10-17;14,48068964;0,616816352
2016-10-18;14,48068964;0,611628689
2016-10-19;14,48068964;0,604583874
2016-10-20;14,48068964;0,612831431
2016-10-21;14,48068964;0,604869138
2016-10-22;14,48068964;0,625716277
2016-10-23;14,48068964;0,623426429
2016-10-24;14,48068964;0,627353057
2016-10-25;14,48068964;0,638733898
2016-10-26;14,48068964;0,668880664
2016-10-27;14,48068964;0,670234609
2016-10-28;14,48068964;0,664398905
2016-10-29;14,48068964;0,685697845
2016-10-30;14,48068964;0,663711037
2016-10-31;14,48068964;0,672236896
2016-11-01;14,48068964;0,704539367
2016-11-02;14,48068964;0,720041402
2016-11-03;14,48068964;0,66224796
2016-11-04;14,48068964;0,688037289
2016-11-05;14,48068964;0,677881258
2016-11-06;14,48068964;0,683602042
2016-11-07;14,48068964;0,684176408
2016-11-08;14,48068964;0,684070534
2016-11-09;14,48068964;0,697897818
2016-11-10;14,48068964;0,686402029
2016-11-11;14,48068964;0,686869578
2016-11-12;14,48068964;0,671583103
2016-11-13;14,48068964;0,673142937
2016-11-14;14,48068964;0,677939827
2016-11-15;14,48068964;0,686460606
2016-11-16;14,48068964;0,712338723
2016-11-17;14,48068964;0,711129527
2016-11-18;14,48068964;0,725180031
2016-11-19;14,48068964;0,722968686
2016-11-20;14,48068964;0,705093049
2016-11-21;14,48068964;0,719100185
2016-11-22;14,48068964;0,734474399
2016-11-23;14,48068964;0,727063702
2016-11-24;14,48068964;0,727283832
2016-11-25;14,48068964;0,732950063
2016-11-26;14,48068964;0,714331178
2016-11-27;14,48068964;0,70457227
2016-11-28;14,48068964;0,713450823
2016-11-29;14,48068964;0,714014715
2016-11-30;14,48068964;0,725270441
2016-12-01;14,48068964;0,7363915
2016-12-02;14,48068964;0,762123955
2016-12-03;14,48068964;0,741306581
2016-12-04;14,48068964;0,744904739
2016-12-05;14,48068964;0,733609289
2016-12-06;14,48068964;0,747050204
2016-12-07;14,48068964;0,741981815
2016-12-08;14,48068964;0,744449151
2016-12-09;14,48068964;0,753732414
2016-12-10;14,48068964;0,753292314
2016-12-11;14,48068964;0,734719974
2016-12-12;14,48068964;0,754361656
2016-12-13;14,48068964;0,749006356
2016-12-14;14,48068964;0,758024304
2016-12-15;14,48068964;0,763133933
2016-12-16;14,48068964;0,765115564
2016-12-17;14,48068964;0,762837579
2016-12-18;14,48068964;0,763327694
2016-12-19;14,48068964;0,771590285
2016-12-20;14,48068964;0,782979677
2016-12-21;14,48068964;0,815644137
2016-12-22;14,48068964;0,837242404
2016-12-23;14,48068964;0,8933875
2016-12-24;14,48068964;0,86800186
2016-12-25;14,48068964;0,852728449
2016-12-26;14,48068964;0,876738467
2016-12-27;14,48068964;0,905757196
2016-12-28;14,48068964;0,951249837
2016-12-29;14,48068964;0,948736568
2016-12-30;14,48068964;0,934382492
2016-12-31;14,48068964;0,935999255
2017-01-01;14,48068964;0,954204743
2017-01-02;14,51647212;0,960747954
2017-01-03;14,53150123;0,958761262
2017-01-04;14,66588492;0,956778679
2017-01-05;14,66588492;0,824359472
2017-01-06;14,66588492;0,732555381
2017-01-07;14,66588492;0,739042258
2017-01-08;14,66588492;0,733261142
2017-01-09;14,66588492;0,733171013
2017-01-10;14,66588492;0,737568494
2017-01-11;14,66588492;0,631667858
2017-01-12;14,66588492;0,647720563
2017-01-13;14,66588492;0,668202443
2017-01-14;14,66588492;0,655015585
2017-01-15;14,66588492;0,657404495
2017-01-16;14,66588492;0,669848703
2017-01-17;14,66588492;0,734105568
2017-01-18;14,66588492;0,719188614
2017-01-19;14,66588492;0,72632049
2017-01-20;14,66588492;0,716143648
2017-01-21;14,66588492;0,737123547
2017-01-22;14,66588492;0,740137244
2017-01-23;14,66588492;0,746267837
2017-01-24;14,66588492;0,733470539
2017-01-25;14,66588492;0,737467404
2017-01-26;14,66588492;0,748645669
2017-01-27;14,66588492;0,744341038
2017-01-28;14,66588492;0,753393826
2017-01-29;14,66588492;0,743308222
2017-01-30;14,66588492;0,760860132
2017-01-31;14,66588492;0,804000429
2017-02-01;14,66588492;0,808340983
2017-02-02;14,66588492;0,831252753
2017-02-03;14,66588492;0,851268804
2017-02-04;14,66588492;0,856170542
2017-02-05;14,66588492;0,833252424
2017-02-06;14,66588492;0,86612053
2017-02-07;14,66588492;0,88269427
2017-02-08;14,66588492;0,880672429
2017-02-09;14,66588492;0,823270599
2017-02-10;14,66588492;0,821833735
2017-02-11;14,66588492;0,829092188
2017-02-12;14,66588492;0,813711561
2017-02-13;14,66588492;0,818104976
2017-02-14;14,66588492;0,827976674
2017-02-15;14,66588492;0,835944025
2017-02-16;14,66588492;0,86684563
2017-02-17;14,67453665;0,873485998
2017-02-18;14,67495845;0,871679752
2017-02-19;14,67495845;0,864371954
2017-02-20;14,70763446;0,868078458
2017-02-21;14,75521032;0,866283394
2017-02-22;14,76451999;0,864492042
2017-02-23;14,82207792;0,862704394
2017-02-24;14,82484481;0,860920443
2017-02-25;14,82484481;0,824706129
2017-02-26;14,82484481;0,830168551
2017-02-27;14,8398538;0,855590693
2017-02-28;14,84836413;0,853821452
2017-03-01;14,8904749;0,85205587
2017-03-02;14,918225;0,850293938
2017-03-03;14,95169671;0,84853565
2017-03-04;14,95169671;0,830365022
2017-03-05;14,95169671;0,825413362
2017-03-06;14,95169671;0,839836029
2017-03-07;14,95169671;0,812649292
2017-03-08;14,95169671;0,752377764
2017-03-09;14,95169671;0,776827141
2017-03-10;14,95169671;0,730877084
2017-03-11;14,95169671;0,762644637
2017-03-12;14,95169671;0,780404249
2017-03-13;14,95169671;0,805938244
2017-03-14;14,95169671;0,814956488
2017-03-15;14,95169671;0,824773899
2017-03-16;14,95169671;0,771551148
2017-03-17;14,95169671;0,696972424
2017-03-18;14,95169671;0,622918496
2017-03-19;14,95169671;0,648509751
2017-03-20;14,95169671;0,687129932
2017-03-21;14,95169671;0,734610881
2017-03-22;14,95169671;0,679699129
2017-03-23;14,95169671;0,6711065
2017-03-24;14,95169671;0,59778434
2017-03-25;14,95169671;0,618690834
2017-03-26;14,95169671;0,599080495
2017-03-27;14,95169671;0,67227523
2017-03-28;14,95169671;0,676083718
2017-03-29;14,95169671;0,675430111
2017-03-30;14,95169671;0,659049188
2017-03-31;14,95169671;0,704297091
2017-04-01;14,95169671;0,702344652
2017-04-02;14,95169671;0,693060024
2017-04-03;14,95169671;0,729817945
2017-04-04;14,95169671;0,745669592
2017-04-05;14,95169671;0,732421549
2017-04-06;14,95169671;0,771033527
2017-04-07;14,95169671;0,766066219
2017-04-08;14,95169671;0,753291976
2017-04-09;14,95169671;0,758387515
2017-04-10;14,95169671;0,776430132
2017-04-11;14,95396521;0,782725531
2017-04-12;14,95922605;0,781106965
2017-04-13;14,95922605;0,768189003
2017-04-14;14,95922605;0,77074067
2017-04-15;14,95922605;0,749970604
2017-04-16;14,95922605;0,738670571
2017-04-17;14,95922605;0,762718918
2017-04-18;14,97355778;0,771465613
2017-04-19;14,98019561;0,769870331
2017-04-20;15,01868893;0,768278348
2017-04-21;15,01868893;0,75893066
2017-04-22;15,01868893;0,739408748
2017-04-23;15,01868893;0,734419892
2017-04-24;15,01868893;0,756440667
2017-04-25;15,04816945;0,760367675
2017-04-26;15,05458801;0,758795342
2017-04-27;15,09660514;0,75722626
2017-04-28;15,09817016;0,755660423
2017-04-29;15,09817016;0,740903617
2017-04-30;15,09817016;0,743862378
2017-05-01;15,14226677;0,750982312
2017-05-02;15,18826757;0,749429387
2017-05-03;15,23360666;0,747879673
2017-05-04;15,24819437;0,746333163
2017-05-05;15,26171069;0,744789851
2017-05-06;15,26927185;0,743249731
2017-05-07;15,26927185;0,741128304
2017-05-08;15,33003668;0,740179038
2017-05-09;15,386211;0,738648452
2017-05-10;15,42359543;0,737121031
2017-05-11;15,45554672;0,735596768
2017-05-12;15,45554672;0,683482535
2017-05-13;15,45554672;0,708205377
2017-05-14;15,45554672;0,708642063
2017-05-15;15,45554672;0,683924176
2017-05-16;15,45554672;0,724770262
2017-05-17;15,53556639;0,726517158
2017-05-18;15,55957475;0,725014823
2017-05-19;15,59957185;0,723515594
2017-05-20;15,61995897;0,722019466
2017-05-21;15,62727399;0,720526431
2017-05-22;15,69464757;0,719036484
2017-05-23;15,7657466;0,717549618
2017-05-24;15,86372849;0,716065827
2017-05-25;15,86372849;0,681258234
2017-05-26;15,86372849;0,649880341
2017-05-27;15,86372849;0,609477352
2017-05-28;15,86372849;0,617182686
2017-05-29;15,86372849;0,670937568
2017-05-30;15,86372849;0,644185456
2017-05-31;15,86372849;0,691447603
2017-06-01;15,88809963;0,704305422
2017-06-02;15,90835958;0,702849017
2017-06-03;15,90835958;0,696355875
2017-06-04;15,90835958;0,691200464
2017-06-05;15,97740959;0,698497849
2017-06-06;16,07347673;0,697053454
2017-06-07;16,07347673;0,671355181
2017-06-08;16,07347673;0,658284759
2017-06-09;16,07347673;0,660429483
2017-06-10;16,07347673;0,676612859
2017-06-11;16,07347673;0,678991992
2017-06-12;16,07347673;0,617520687
2017-06-13;16,07347673;0,65573175
2017-06-14;16,07347673;0,591435509
2017-06-15;16,07347673;0,567658582
2017-06-16;16,07347673;0,572363334
2017-06-17;16,07347673;0,587543161
2017-06-18;16,07347673;0,559237436
2017-06-19;16,07347673;0,598864124
2017-06-20;16,07347673;0,641123665
2017-06-21;16,07347673;0,645431828
2017-06-22;16,07347673;0,648595822
2017-06-23;16,07347673;0,60271519
2017-06-24;16,07347673;0,575933481
2017-06-25;16,07347673;0,571143632
2017-06-26;16,07347673;0,566618672
2017-06-27;16,07347673;0,597722494
2017-06-28;16,07347673;0,582093202
2017-06-29;16,07347673;0,591850497
2017-06-30;16,07347673;0,557834117
2017-07-01;16,07347673;0,520702147
2017-07-02;16,07347673;0,516227684
2017-07-03;16,07347673;0,550534906
2017-07-04;16,07347673;0,570007945
2017-07-05;16,07347673;0,554864309
2017-07-06;16,07347673;0,560026679
2017-07-07;16,07347673;0,536259006
2017-07-08;16,07347673;0,530877632
2017-07-09;16,07347673;0,518693564
2017-07-10;16,07347673;0,483703251
2017-07-11;16,07347673;0,481082887
2017-07-12;16,07347673;0,502236157
2017-07-13;16,07347673;0,492833954
2017-07-14;16,07347673;0,472304514
2017-07-15;16,07347673;0,464571177
2017-07-16;16,07347673;0,394833134
2017-07-17;16,07347673;0,467617088
2017-07-18;16,07347673;0,485836149
2017-07-19;16,07347673;0,478580788
2017-07-20;16,07347673;0,602878443
2017-07-21;16,07347673;0,572890148
2017-07-22;16,07347673;0,579994395
2017-07-23;16,07347673;0,550284513
2017-07-24;16,07347673;0,562302723
2017-07-25;16,07347673;0,532119811
2017-07-26;16,07347673;0,523739903
2017-07-27;16,07347673;0,551552394
2017-07-28;16,07347673;0,581031331
2017-07-29;16,07347673;0,552772451
2017-07-30;16,07347673;0,55574781
2017-07-31;16,07347673;0,599046972
2017-08-01;16,07347673;0,535868751
2017-08-02;16,07347673;0,547826408
2017-08-03;16,07347673;0,567809696
2017-08-04;16,07347673;0,57027166
2017-08-05;16,13290137;0,615639829
2017-08-06;16,13290137;0,606288222
2017-08-07;16,18741801;0,613096349
2017-08-08;16,20861958;0,611828552
2017-08-09;16,20861958;0,606191136
2017-08-10;16,24490032;0,609300818
2017-08-11;16,32629847;0,60804087
2017-08-12;16,38605761;0,606783527
2017-08-13;16,41628697;0,605528784
2017-08-14;16,52736263;0,604276636
2017-08-15;16,52736263;0,595323578
2017-08-16;16,59230428;0,601780102
2017-08-17;16,59230428;0,562499894
2017-08-18;16,59230428;0,550529485
2017-08-19;16,59230428;0,537587634
2017-08-20;16,59230428;0,519802946
2017-08-21;16,59230428;0,548427235
2017-08-22;16,60637865;0,594352216
2017-08-23;16,60637865;0,589218809
2017-08-24;16,6675314;0,591896684
2017-08-25;16,70392256;0,590672725
2017-08-26;16,70392256;0,582060558
2017-08-27;16,70392256;0,521863664
2017-08-28;16,70392256;0,549164054
2017-08-29;16,70392256;0,581190071
2017-08-30;16,70392256;0,549817118
2017-08-31;16,70392256;0,574244856
2017-09-01;16,70591037;0,582175588
2017-09-02;16,70591037;0,530190984
2017-09-03;16,70591037;0,520692641
2017-09-04;16,70591037;0,496216248
2017-09-05;16,70591037;0,492822356
2017-09-06;16,70591037;0,524940895
2017-09-07;16,70591037;0,518047423
2017-09-08;16,70591037;0,474721539
2017-09-09;16,70591037;0,458603803
2017-09-10;16,70591037;0,453906929
2017-09-11;16,70591037;0,449635118
2017-09-12;16,70591037;0,44109991
2017-09-13;16,70591037;0,409229575
2017-09-14;16,70591037;0,345436739
2017-09-15;16,70591037;0,397324699
2017-09-16;16,70591037;0,388745502
2017-09-17;16,70591037;0,383840965
2017-09-18;16,70591037;0,449814634
2017-09-19;16,70591037;0,424401924
2017-09-20;16,70591037;0,424419282
2017-09-21;16,70591037;0,383647592
2017-09-22;16,70591037;0,384618145
2017-09-23;16,70591037;0,395866736
2017-09-24;16,70591037;0,383107659
2017-09-25;16,70591037;0,429780861
2017-09-26;16,70591037;0,423432727
2017-09-27;16,70591037;0,453709954
2017-09-28;16,70591037;0,443950437
2017-09-29;16,70591037;0,439132031
2017-09-30;16,70591037;0,460890632
2017-10-01;16,70591037;0,471647396
2017-10-02;16,70591037;0,4827867
2017-10-03;16,70591037;0,460803174
2017-10-04;16,70591037;0,457076426
2017-10-05;16,70591037;0,476622378
2017-10-06;16,70591037;0,469779079
2017-10-07;16,70591037;0,468001954
2017-10-08;16,70591037;0,482272797
2017-10-09;16,70591037;0,512701791
2017-10-10;16,70591037;0,515218548
2017-10-11;16,70591037;0,524258391
2017-10-12;16,8100456;0,534804949
2017-10-13;16,91437041;0,533699048
2017-10-14;16,91437041;0,53254074
2017-10-15;16,91437041;0,493394386
2017-10-16;16,91437041;0,508675349
2017-10-17;16,91437041;0,500566592
2017-10-18;16,91437041;0,498420233
2017-10-19;16,91437041;0,502524138
2017-10-20;16,91437041;0,520961156
2017-10-21;16,92582735;0,524933769
2017-10-22;16,92582735;0,513126282
2017-10-23;16,92582735;0,514227119
2017-10-24;16,92582735;0,485313675
2017-10-25;16,92582735;0,488434603
2017-10-26;16,92582735;0,496220324
2017-10-27;16,93309885;0,518454411
2017-10-28;16,96097836;0,517382321
2017-10-29;17,01453477;0,516312447
2017-10-30;17,01453477;0,514103535
2017-10-31;17,05833082;0,514179332
2017-11-01;17,12185731;0,513116082
2017-11-02;17,16087094;0,51205503
2017-11-03;17,21120734;0,510996172
2017-11-04;17,23190639;0,509939504
2017-11-05;17,23190639;0,485190949
2017-11-06;17,23190639;0,470639527
2017-11-07;17,23190639;0,484139368
2017-11-08;17,23190639;0,504976479
2017-11-09;17,23190639;0,502131743
2017-11-10;17,23190639;0,471097012
2017-11-11;17,23190639;0,493218356
2017-11-12;17,32071948;0,501564443
2017-11-13;17,33984938;0,500527278
2017-11-14;17,33984938;0,484624421
2017-11-15;17,36036392;0,498459379
2017-11-16;17,3960557;0,497428635
2017-11-17;17,3960557;0,459751234
2017-11-18;17,3960557;0,456532688
2017-11-19;17,3960557;0,452739814
2017-11-20;17,3960557;0,475276106
2017-11-21;17,3960557;0,464239926
2017-11-22;17,3960557;0,46996732
2017-11-23;17,3960557;0,455703284
2017-11-24;17,3960557;0,462866027
2017-11-25;17,3960557;0,483587895
2017-11-26;17,45046664;0,487237703
2017-11-27;17,50604101;0,486230164
2017-11-28;17,53826387;0,485224708
2017-11-29;17,53877024;0,484221332
2017-11-30;17,54668634;0,48322003
2017-12-01;17,62025377;0,4822208
2017-12-02;17,62025377;0,477924912
2017-12-03;17,63276522;0,480228532
2017-12-04;17,68657537;0,479235487
2017-12-05;17,69433951;0,478244496
2017-12-06;17,86490232;0,477255554
2017-12-07;18,14544364;0,476268657
2017-12-08;18,20767467;0,4752838
2017-12-09;18,20767467;0,41877316
2017-12-10;18,20767467;0,409761211
2017-12-11;18,20767467;0,456112341
2017-12-12;18,24268319;0,471364698
2017-12-13;18,24268319;0,444581092
2017-12-14;18,24268319;0,454634746
2017-12-15;18,27694496;0,468446593
2017-12-16;18,34904052;0,467477912
2017-12-17;18,34904052;0,454531431
2017-12-18;18,34904052;0,461257064
2017-12-19;18,35937098;0,464583869
2017-12-20;18,40192457;0,463623175
2017-12-21;18,4400515;0,462664468
2017-12-22;18,4400515;0,433533064
2017-12-23;18,4400515;0,414381707
2017-12-24;18,4400515;0,361153318
2017-12-25;18,4400515;0,346076801
2017-12-26;18,4400515;0,391615315
2017-12-27;18,4400515;0,380768908
2017-12-28;18,4400515;0,362214107
2017-12-29;18,4400515;0,35176541
2017-12-30;18,4400515;0,315935871
2017-12-31;18,4400515;0,310166159
2018-01-01;18,4400515;0,293794114
2018-01-02;18,4400515;0,339280028
2018-01-03;18,4400515;0,369268305
2018-01-04;18,4400515;0,366718831
2018-01-05;18,4400515;0,416346157
2018-01-06;18,4400515;0,402574798
2018-01-07;18,4400515;0,382402537
2018-01-08;18,4400515;0,352760114
2018-01-09;18,4400515;0,34849002
2018-01-10;18,4400515;0,35415223
2018-01-11;18,4400515;0,302398847
2018-01-12;18,4400515;0,311551717
2018-01-13;18,4400515;0,321575
2018-01-14;18,4400515;0,301411938
2018-01-15;18,4400515;0,305110306
2018-01-16;18,4400515;0,261470767
2018-01-17;18,4400515;0,260306354
2018-01-18;18,4400515;0,258962936
2018-01-19;18,4400515;0,25173653
2018-01-20;18,4400515;0,268741809
2018-01-21;18,4400515;0,233315228
2018-01-22;18,4400515;0,218841233
2018-01-23;18,4400515;0,216108073
2018-01-24;18,4400515;0,227189162
2018-01-25;18,4400515;0,218611915
2018-01-26;18,4400515;0,216925132
2018-01-27;18,4400515;0,218655789
2018-01-28;18,4400515;0,222701507
2018-01-29;18,4400515;0,212518251
2018-01-30;18,4400515;0,190769315
2018-01-31;18,4400515;0,199393318
2018-02-01;18,4400515;0,176923333
2018-02-02;18,4400515;0,176210491
2018-02-03;18,4400515;0,174968999
2018-02-04;18,4400515;0,151763646
2018-02-05;18,4400515;0,131241659
2018-02-06;18,4400515;0,146457119
2018-02-07;18,4400515;0,143235232
2018-02-08;18,4400515;0,153239702
2018-02-09;18,4400515;0,161449832
2018-02-10;18,4400515;0,158568523
2018-02-11;18,4400515;0,147165046
2018-02-12;18,4400515;0,162264661
2018-02-13;18,4400515;0,15538089
2018-02-14;18,4400515;0,172096335
2018-02-15;18,4400515;0,183758095
2018-02-16;18,4400515;0,185036411
2018-02-17;18,4400515;0,200942346
2018-02-18;18,4400515;0,187590293
2018-02-19;18,4400515;0,201974452
2018-02-20;18,4400515;0,204105495
2018-02-21;18,4400515;0,188155436
2018-02-22;18,4400515;0,177056931
2018-02-23;18,4400515;0,186347925
2018-02-24;18,4400515;0,180003429
2018-02-25;18,4400515;0,172527141
2018-02-26;18,4400515;0,186845861
2018-02-27;18,4400515;0,191225136
2018-02-28;18,4400515;0,186832597
2018-03-01;18,4400515;0,197430334
2018-03-02;18,4400515;0,19873774
2018-03-03;18,4400515;0,205353139
2018-03-04;18,4400515;0,206337251
2018-03-05;18,4400515;0,20667169
2018-03-06;18,4400515;0,192684118
2018-03-07;18,4400515;0,178006198
2018-03-08;18,4400515;0,167064646
2018-03-09;18,4400515;0,166190919
2018-03-10;18,4400515;0,158704735
2018-03-11;18,4400515;0,171783176
2018-03-12;18,4400515;0,163657275
2018-03-13;18,4400515;0,16639671
2018-03-14;18,4400515;0,147691531
2018-03-15;18,4400515;0,148742427
2018-03-16;18,4400515;0,14821231
2018-03-17;18,4400515;0,140406468
2018-03-18;18,4400515;0,146640225
2018-03-19;18,4400515;0,154138178
2018-03-20;18,4400515;0,160518815
2018-03-21;18,4400515;0,159609866
2018-03-22;18,4400515;0,15620918
2018-03-23;18,4400515;0,159944483
2018-03-24;18,4400515;0,152380515
2018-03-25;18,4400515;0,15096766
2018-03-26;18,4400515;0,145747581
2018-03-27;18,4400515;0,139524101
2018-03-28;18,4400515;0,142129472
2018-03-29;18,4400515;0,126900806
2018-03-30;18,4400515;0,122371725
2018-03-31;18,4400515;0,123810784
2018-04-01;18,4400515;0,121433878
2018-04-02;18,4400515;0,125827275
2018-04-03;18,4400515;0,13257563
2018-04-04;18,4400515;0,121481935
2018-04-05;18,4400515;0,121106548
2018-04-06;18,4400515;0,119220961
2018-04-07;18,4400515;0,123221632
2018-04-08;18,4400515;0,1252785
2018-04-09;18,4400515;0,121051181
2018-04-10;18,4400515;0,121949798
2018-04-11;18,4400515;0,12390072
2018-04-12;18,4400515;0,142353638
2018-04-13;18,4400515;0,141737508
2018-04-14;18,4400515;0,143262891
2018-04-15;18,4400515;0,149300829
2018-04-16;18,4400515;0,144219084
2018-04-17;18,4400515;0,141096036
2018-04-18;18,4400515;0,145951855
2018-04-19;18,4400515;0,147886943
2018-04-20;18,4400515;0,159134334
2018-04-21;18,4400515;0,159687463
2018-04-22;18,4400515;0,156921977
2018-04-23;18,4400515;0,160206775
2018-04-24;18,4400515;0,176013993
2018-04-25;18,4400515;0,165829521
2018-04-26;18,4400515;0,170099828
2018-04-27;18,4400515;0,163477473
2018-04-28;18,4400515;0,169262533
2018-04-29;18,4400515;0,168742237
2018-04-30;18,4400515;0,166298611
2018-05-01;18,4400515;0,162661824
2018-05-02;18,4400515;0,166390765
2018-05-03;18,4400515;0,175450138
2018-05-04;18,4400515;0,175028236
2018-05-05;18,4400515;0,17625935
2018-05-06;18,4400515;0,17292505
2018-05-07;18,4400515;0,168457369
2018-05-08;18,4400515;0,165271715
2018-05-09;18,4400515;0,166802388
2018-05-10;18,4400515;0,161358566
2018-05-11;18,4400515;0,152018019
2018-05-12;18,4400515;0,151551416
2018-05-13;18,4400515;0,155319397
2018-05-14;18,4400515;0,156430737
2018-05-15;18,4400515;0,152711609
2018-05-16;18,4400515;0,149374795
2018-05-17;18,4400515;0,146933201
2018-05-18;18,4400515;0,151003311
2018-05-19;18,4400515;0,147744399
2018-05-20;18,4400515;0,152520664
2018-05-21;18,4400515;0,150578229
2018-05-22;18,4400515;0,142927114
2018-05-23;18,4400515;0,134471241
2018-05-24;18,4400515;0,136026526
2018-05-25;18,4400515;0,133534874
2018-05-26;18,4400515;0,130921921
2018-05-27;18,4400515;0,130904698
2018-05-28;18,4400515;0,127322007
2018-05-29;18,4400515;0,133885099
2018-05-30;18,4400515;0,131571867
2018-05-31;18,4400515;0,133530891
2018-06-01;18,4400515;0,134035542
2018-06-02;18,4400515;0,135969607
2018-06-03;18,4400515;0,137164505
2018-06-04;18,4400515;0,133441304
2018-06-05;18,4400515;0,135612794
2018-06-06;18,4400515;0,13659517
2018-06-07;18,4400515;0,13729878
2018-06-08;18,4400515;0,135323408
2018-06-09;18,4400515;0,133748487
2018-06-10;18,4400515;0,120704697
2018-06-11;18,4400515;0,123126136
2018-06-12;18,4400515;0,117005971
2018-06-13;18,4400515;0,113543933
2018-06-14;18,4400515;0,118903903
2018-06-15;18,4400515;0,114551888
2018-06-16;18,4400515;0,115413292
2018-06-17;18,4400515;0,115122584
2018-06-18;18,4400515;0,119466249
2018-06-19;18,4400515;0,124092073
2018-06-20;18,4400515;0,131835943
2018-06-21;18,4400515;0,122693017
2018-06-22;18,4400515;0,110783157
2018-06-23;18,4400515;0,110678924
2018-06-24;18,4400515;0,109952726
2018-06-25;18,4400515;0,112246155
2018-06-26;18,4400515;0,1091412
2018-06-27;18,4400515;0,110586383
2018-06-28;18,4400515;0,104678114
2018-06-29;18,4400515;0,111118488
2018-06-30;18,4400515;0,114276065
2018-07-01;18,4400515;0,113093628
2018-07-02;18,4400515;0,11831063
2018-07-03;18,4400515;0,117052336
2018-07-04;18,4400515;0,11774723
2018-07-05;18,4400515;0,116637145
2018-07-06;18,4400515;0,117802914
2018-07-07;18,4400515;0,120280732
2018-07-08;18,4400515;0,119297789
2018-07-09;18,4400515;0,119033494
2018-07-10;18,4400515;0,112634184
2018-07-11;18,4400515;0,11403482
2018-07-12;18,4400515;0,111430399
2018-07-13;18,4400515;0,110969508
2018-07-14;18,4400515;0,111288775
2018-07-15;18,4400515;0,113120335
2018-07-16;18,4400515;0,120621936
2018-07-17;18,4400515;0,13076366
2018-07-18;18,4400515;0,132175845
2018-07-19;18,4400515;0,133673842
2018-07-20;18,4400515;0,130970485
2018-07-21;18,4400515;0,13204687
2018-07-22;18,4400515;0,131426974
2018-07-23;18,4400515;0,137965162
2018-07-24;18,4400515;0,15046879
2018-07-25;18,4400515;0,145929594
2018-07-26;18,4400515;0,141615641
2018-07-27;18,4400515;0,145902942
2018-07-28;18,4400515;0,146639977
2018-07-29;18,4400515;0,146112708
2018-07-30;18,4400515;0,14631937
2018-07-31;18,4400515;0,138315084
2018-08-01;18,4400515;0,135765556
2018-08-02;18,4400515;0,134781853
2018-08-03;18,4400515;0,132384087
2018-08-04;18,4400515;0,124710372
2018-08-05;18,4400515;0,124904755
2018-08-06;18,4400515;0,123799424
2018-08-07;18,4400515;0,119759771
2018-08-08;18,4400515;0,112054069
2018-08-09;18,4400515;0,116710539
2018-08-10;18,4400515;0,109464513
2018-08-11;18,4400515;0,110845399
2018-08-12;18,4400515;0,112185945
2018-08-13;18,4400515;0,111556365
2018-08-14;18,4400515;0,111024512
2018-08-15;18,4400515;0,111914675
2018-08-16;18,4400515;0,112833257
2018-08-17;18,4400515;0,117747182
2018-08-18;18,4400515;0,113836768
2018-08-19;18,4400515;0,115580651
2018-08-20;18,4400515;0,112171078
2018-08-21;18,4400515;0,115886056
2018-08-22;18,4400515;0,113603465
2018-08-23;18,4400515;0,116401893
2018-08-24;18,4400515;0,11939616
2018-08-25;18,4400515;0,120343784
2018-08-26;18,4400515;0,119943643
2018-08-27;18,4400515;0,123674706
2018-08-28;18,4400515;0,127891336
2018-08-29;18,4400515;0,125905608
2018-08-30;18,4400515;0,124815417
2018-08-31;18,4400515;0,125443654
2018-09-01;18,4400515;0,128270176
2018-09-02;18,4400515;0,12995973
2018-09-03;18,4400515;0,129617682
2018-09-04;18,4400515;0,131900308
2018-09-05;18,4400515;0,120334315
2018-09-06;18,4400515;0,116645682
2018-09-07;18,4400515;0,114583596
2018-09-08;18,4400515;0,110261301
2018-09-09;18,4400515;0,111132466
2018-09-10;18,4400515;0,112640642
2018-09-11;18,4400515;0,11238777
2018-09-12;18,4400515;0,113007665
2018-09-13;18,4400515;0,115093184
2018-09-14;18,4400515;0,116094833
2018-09-15;18,4400515;0,116068155
2018-09-16;18,4400515;0,11557182
2018-09-17;18,4400515;0,11150397
2018-09-18;18,4400515;0,113026117
2018-09-19;18,4400515;0,113784132
2018-09-20;18,4400515;0,11569509
2018-09-21;18,4400515;0,120921726
2018-09-22;18,4400515;0,119642216
2018-09-23;18,4400515;0,119222772
2018-09-24;18,4400515;0,117168516
2018-09-25;18,4400515;0,114694263
2018-09-26;18,4400515;0,115346763
2018-09-27;18,4400515;0,119567755
2018-09-28;18,4400515;0,118659566
2018-09-29;18,4400515;0,117403268
2018-09-30;18,4400515;0,117511438
2018-10-01;18,4400515;0,117429906
2018-10-02;18,4400515;0,116598423
2018-10-03;18,4400515;0,115584955
2018-10-04;18,4400515;0,116896785
2018-10-05;18,4400515;0,117861324
2018-10-06;18,4400515;0,117178823
2018-10-07;18,4400515;0,117065685
2018-10-08;18,4400515;0,118080078
2018-10-09;18,4400515;0,117838715
2018-10-10;18,4400515;0,116655566
2018-10-11;18,4400515;0,110067677
2018-10-12;18,4400515;0,110891015
2018-10-13;18,4400515;0,110773411
2018-10-14;18,4400515;0,1108085
2018-10-15;18,4400515;0,11630325
2018-10-16;18,4400515;0,116629249
2018-10-17;18,4400515;0,116270743
2018-10-18;18,4400515;0,11507885
2018-10-19;18,4400515;0,114450201
2018-10-20;18,4400515;0,11488289
2018-10-21;18,4400515;0,114763416
2018-10-22;18,4400515;0,114820324
2018-10-23;18,4400515;0,114573289
2018-10-24;18,4400515;0,115244038
2018-10-25;18,4400515;0,114635889
2018-10-26;18,4400515;0,114781656
2018-10-27;18,4400515;0,114413511
2018-10-28;18,4400515;0,114529352
2018-10-29;18,4400515;0,112155777
2018-10-30;18,4400515;0,112015414
2018-10-31;18,4400515;0,112497668
2018-11-01;18,4400515;0,113273665
2018-11-02;18,4400515;0,113592798
2018-11-03;18,4400515;0,112807605
2018-11-04;18,4400515;0,114636062
2018-11-05;18,4400515;0,114535286
2018-11-06;18,4400515;0,115523664
2018-11-07;18,4400515;0,116551162
2018-11-08;18,4400515;0,115010884
2018-11-09;18,4400515;0,113760536
2018-11-10;18,4400515;0,113580127
2018-11-11;18,4400515;0,113524061
2018-11-12;18,4400515;0,113442925
2018-11-13;18,4400515;0,112694015
2018-11-14;18,4400515;0,101848644
2018-11-15;18,4400515;0,101650893
2018-11-16;18,4400515;0,100248882
2018-11-17;18,4400515;0,098899697
2018-11-18;18,4400515;0,099717076
2018-11-19;18,4400515;0,086624264
2018-11-20;18,4400515;0,081200293
2018-11-21;18,4400515;0,08383231
2018-11-22;18,4400515;0,077676537
2018-11-23;18,4400515;0,07807338
2018-11-24;18,4400515;0,068544015
2018-11-25;18,4400515;0,071620751
2018-11-26;18,4400515;0,068238756
2018-11-27;18,4400515;0,068622909
2018-11-28;18,4400515;0,076850301
2018-11-29;18,4400515;0,077862445
2018-11-30;18,4400515;0,072756702
2018-12-01;18,4400515;0,075018869
2018-12-02;18,4400515;0,07386306
2018-12-03;18,4400515;0,069557751
2018-12-04;18,4400515;0,070643213
2018-12-05;18,4400515;0,066781705
2018-12-06;18,4400515;0,062226389
2018-12-07;18,4400515;0,061420378
2018-12-08;18,4400515;0,061369134
2018-12-09;18,4400515;0,063625057
2018-12-10;18,4400515;0,061763822
2018-12-11;18,4400515;0,060529616
2018-12-12;18,4400515;0,062091308
2018-12-13;18,4400515;0,058904763
2018-12-14;18,4400515;0,057697141
2018-12-15;18,4400515;0,057308761
2018-12-16;18,4400515;0,057598827
2018-12-17;18,4400515;0,063156542
2018-12-18;18,4400515;0,066475714
2018-12-19;18,4400515;0,066926292
2018-12-20;18,4400515;0,073707211
2018-12-21;18,4400515;0,069825274
2018-12-22;18,4400515;0,071792814
2018-12-23;18,4400515;0,070899201
2018-12-24;18,4400515;0,072721568
2018-12-25;18,4400515;0,06811589
2018-12-26;18,4400515;0,067806083
2018-12-27;18,4400515;0,064632626
2018-12-28;18,4400515;0,070105734
2018-12-29;18,4400515;0,067321982
2018-12-30;18,4400515;0,068949415
2018-12-31;18,4400515;0,066579557
2019-01-01;18,4400515;0,068726117
2019-01-02;18,4400515;0,070245969
2019-01-03;18,4400515;0,068324798
2019-01-04;18,4400515;0,068928159
2019-01-05;18,4400515;0,068124096
2019-01-06;18,4400515;0,072765724
2019-01-07;18,4400515;0,072317218
2019-01-08;18,4400515;0,071853703
2019-01-09;18,4400515;0,071956702
2019-01-10;18,4400515;0,065643971
2019-01-11;18,4400515;0,065480592
2019-01-12;18,4400515;0,06523386
2019-01-13;18,4400515;0,063017783
2019-01-14;18,4400515;0,066133712
2019-01-15;18,4400515;0,064447512
2019-01-16;18,4400515;0,065057858
2019-01-17;18,4400515;0,065669078
2019-01-18;18,4400515;0,064877658
2019-01-19;18,4400515;0,066172881
2019-01-20;18,4400515;0,063186176
2019-01-21;18,4400515;0,063316566
2019-01-22;18,4400515;0,064342448
2019-01-23;18,4400515;0,063917652
2019-01-24;18,4400515;0,06424753
2019-01-25;18,4400515;0,064152686
2019-01-26;18,4400515;0,063887723
2019-01-27;18,4400515;0,063310009
2019-01-28;18,4400515;0,061800799
2019-01-29;18,4400515;0,061164933
2019-01-30;18,4400515;0,062246425
2019-01-31;18,4400515;0,061677835
2019-02-01;18,4400515;0,062257412
2019-02-02;18,4400515;0,061838404
2019-02-03;18,4400515;0,061307555
2019-02-04;18,4400515;0,061494949
2019-02-05;18,4400515;0,061871813
2019-02-06;18,4400515;0,060551053
2019-02-07;18,4400515;0,060238348
2019-02-08;18,4400515;0,065232937
2019-02-09;18,4400515;0,065126341
2019-02-10;18,4400515;0,065493615
2019-02-11;18,4400515;0,064744195
2019-02-12;18,4400515;0,065329587
2019-02-13;18,4400515;0,064836726
2019-02-14;18,4400515;0,064373905
2019-02-15;18,4400515;0,064635417
2019-02-16;18,4400515;0,064528922
2019-02-17;18,4400515;0,065270499
2019-02-18;18,4400515;0,070001132
2019-02-19;18,4400515;0,070542792
2019-02-20;18,4400515;0,071840482
2019-02-21;18,4400515;0,071119434
2019-02-22;18,4400515;0,071615426
2019-02-23;18,4400515;0,074227971
2019-02-24;18,4400515;0,067658453
2019-02-25;18,4400515;0,069486909
2019-02-26;18,4400515;0,068833882
2019-02-27;18,4400515;0,068911177
2019-02-28;18,4400515;0,068638641
2019-03-01;18,4400515;0,068995097
2019-03-02;18,4400515;0,06892603
2019-03-03;18,4400515;0,068233738
2019-03-04;18,4400515;0,066992538
2019-03-05;18,4400515;0,069581958
2019-03-06;18,4400515;0,07023611
2019-03-07;18,4400515;0,07018435
2019-03-08;18,4400515;0,069714895
2019-03-09;18,4400515;0,070739156
2019-03-10;18,4400515;0,070198372
2019-03-11;18,4400515;0,069736598
2019-03-12;18,4400515;0,069911318
2019-03-13;18,4400515;0,070013773
2019-03-14;18,4400515;0,069936022
2019-03-15;18,4400515;0,070609209
2019-03-16;18,4400515;0,071796092
2019-03-17;18,4400515;0,071262032
2019-03-18;18,4400515;0,071489754
2019-03-19;18,4400515;0,071944447
2019-03-20;18,4400515;0,072719891
2019-03-21;18,4400515;0,072010242
2019-03-22;18,4400515;0,071634837
2019-03-23;18,4400515;0,071486867
2019-03-24;18,4400515;0,071102839
2019-03-25;18,4400515;0,070465656
2019-03-26;18,4400515;0,071167742
2019-03-27;18,4400515;0,07337944
2019-03-28;18,4400515;0,073175615
2019-03-29;18,4400515;0,075232292
2019-03-30;18,4400515;0,074986923
2019-03-31;18,4400515;0,074559895
2019-04-01;18,4400515;0,07604933
2019-04-02;18,4400515;0,091717043
2019-04-03;18,4400515;0,09490187
2019-04-04;18,4400515;0,094486441
2019-04-05;18,4400515;0,09440902
2019-04-06;18,4400515;0,093458758
2019-04-07;18,4400515;0,09640715
2019-04-08;18,4400515;0,100114534
2019-04-09;18,4400515;0,098141752
2019-04-10;18,4400515;0,099592632
2019-04-11;18,4400515;0,094334933
2019-04-12;18,4400515;0,094626906
2019-04-13;18,4400515;0,093163386
2019-04-14;18,4400515;0,094756559
2019-04-15;18,4400515;0,092729176
2019-04-16;18,4400515;0,095950328
2019-04-17;18,4400515;0,096599698
2019-04-18;18,4400515;0,09703831
2019-04-19;18,4400515;0,097387693
2019-04-20;18,4400515;0,097381703
2019-04-21;18,4400515;0,096003133
2019-04-22;18,4400515;0,099263729
2019-04-23;18,4400515;0,104316993
2019-04-24;18,4400515;0,102472522
2019-04-25;18,4400515;0,095916003
2019-04-26;18,4400515;0,097011546
2019-04-27;18,4400515;0,095582274
2019-04-28;18,4400515;0,09516392
2019-04-29;18,4400515;0,096090725
2019-04-30;18,4400515;0,099596327
2019-05-01;18,4400515;0,098692786
2019-05-02;18,4400515;0,099892623
2019-05-03;18,4400515;0,106333165
2019-05-04;18,4400515;0,107550973
2019-05-05;18,4400515;0,106826151
2019-05-06;18,4400515;0,106530034
2019-05-07;18,4400515;0,109502566
2019-05-08;18,4400515;0,11273317
2019-05-09;18,4400515;0,115465574
2019-05-10;18,4400515;0,121472687
2019-05-11;18,4400515;0,136609282
2019-05-12;18,4400515;0,129707599
2019-05-13;18,4400515;0,145132193
2019-05-14;18,4400515;0,150685537
2019-05-15;18,4400515;0,159338793
2019-05-16;18,4400515;0,156442461
2019-05-17;18,4400515;0,145917212
2019-05-18;18,4400515;0,137196918
2019-05-19;18,4400515;0,153498181
2019-05-20;18,4400515;0,154220141
2019-05-21;18,4400515;0,155117704
2019-05-22;18,4400515;0,145985831
2019-05-23;18,4400515;0,150591887
2019-05-24;18,4400515;0,15537338
2019-05-25;18,4400515;0,152789194
2019-05-26;18,46566428;0,157359359
2019-05-27;18,51422586;0,157033962
2019-05-28;18,51422586;0,156476987
2019-05-29;18,51422586;0,154352886
2019-05-30;18,51422586;0,148377593
2019-05-31;18,53941374;0,155739089
2019-06-01;18,53941374;0,148267731
2019-06-02;18,53941374;0,149767462
2019-06-03;18,53941374;0,146890952
2019-06-04;18,53941374;0,136614027
2019-06-05;18,53941374;0,134378394
2019-06-06;18,53941374;0,132558491
2019-06-07;18,53941374;0,134795208
2019-06-08;18,53941374;0,132734905
2019-06-09;18,53941374;0,126221938
2019-06-10;18,53941374;0,134794467
2019-06-11;18,53941374;0,134328363
2019-06-12;18,53941374;0,139335817
2019-06-13;18,53941374;0,139230336
2019-06-14;18,53941374;0,146727326
2019-06-15;18,53941374;0,147684155
2019-06-16;18,53941374;0,150054246
2019-06-17;18,6008527;0,150353938
2019-06-18;18,6008527;0,144360699
2019-06-19;18,6008527;0,146301923
2019-06-20;18,62000863;0,149423133
2019-06-21;18,70513481;0,149114147
2019-06-22;18,74540468;0,1488058
2019-06-23;18,74540468;0,146362363
2019-06-24;18,75935634;0,148191017
2019-06-25;18,84295277;0,147884579
2019-06-26;18,95995422;0,147578775
2019-06-27;18,95995422;0,130481096
2019-06-28;18,95995422;0,141307744
2019-06-29;18,95995422;0,13096929
2019-06-30;18,95995422;0,119290137
2019-07-01;18,95995422;0,119163321
2019-07-02;18,95995422;0,120696306
2019-07-03;18,95995422;0,131260106
2019-07-04;18,95995422;0,121764406
2019-07-05;18,95995422;0,119138784
2019-07-06;18,95995422;0,120805157
2019-07-07;18,95995422;0,123342315
2019-07-08;18,95995422;0,132971104
2019-07-09;18,95995422;0,13676011
2019-07-10;18,95995422;0,133723819
2019-07-11;18,95995422;0,124959553
2019-07-12;18,95995422;0,127824147
2019-07-13;18,95995422;0,122148919
2019-07-14;18,95995422;0,109414243
2019-07-15;18,95995422;0,11780036
2019-07-16;18,95995422;0,101970764
2019-07-17;18,95995422;0,105692759
2019-07-18;18,95995422;0,116979631
2019-07-19;18,95995422;0,115823018
2019-07-20;18,95995422;0,115442479
2019-07-21;18,95995422;0,113365237
2019-07-22;18,95995422;0,11134818
2019-07-23;18,95995422;0,10638654
2019-07-24;18,95995422;0,105519398
2019-07-25;18,95995422;0,106840418
2019-07-26;18,95995422;0,105655976
